{"cameraMode":{"drawMode":0,"name":"Shaded","section":"Shading Mode"},"sceneLighting":false,"audioPlay":false,"sceneViewState":{"m_AlwaysRefresh":false,"showFog":true,"showSkybox":false,"showFlares":true,"showImageEffects":true,"showParticleSystems":true,"showVisualEffectGraphs":true,"m_FxEnabled":true},"in2DMode":false,"pivot":{"x":-0.5921268463134766,"y":-0.2515809237957001,"z":0.7714070677757263},"rotation":{"x":0.058988187462091449,"y":-0.9325608015060425,"z":0.17847836017608643,"w":0.3082168996334076},"size":0.8660253882408142,"orthographic":false}