{"cameraMode":{"drawMode":0,"name":"Shaded","section":"Shading Mode"},"sceneLighting":false,"audioPlay":false,"sceneViewState":{"m_AlwaysRefresh":false,"showFog":true,"showSkybox":false,"showFlares":true,"showImageEffects":true,"showParticleSystems":true,"showVisualEffectGraphs":true,"m_FxEnabled":true},"in2DMode":false,"pivot":{"x":0.2800271511077881,"y":-0.18884679675102235,"z":-0.1143585741519928},"rotation":{"x":0.058988187462091449,"y":-0.9325608015060425,"z":0.17847836017608643,"w":0.3082168996334076},"size":0.6186531782150269,"orthographic":false}